shop_id,shop_name,shop_type,city,district,partnership_start_date,commission_rate,avg_preparation_time_minutes,is_active,created_at
1,Fresh Bakery 1,Butcher,Munich,Charlottenburg,2022-10-13 03:43:54,0.2,7,1,2026-02-16 08:07:20
2,Fresh Grocery Store 2,Butcher,Berlin,Charlottenburg,2024-10-31 21:55:07,0.1,11,1,2026-02-16 08:07:20
3,Express Butcher 3,Convenience Store,Leipzig,Lichtenberg,2023-07-24 00:14:11,0.21,10,1,2026-02-16 08:07:20
4,Daily Specialty Store 4,Butcher,Stuttgart,Friedrichshain,2022-07-29 03:22:36,0.16,16,1,2026-02-16 08:07:20
5,Daily Supermarket 5,Convenience Store,Dresden,Pankow,2022-09-13 13:46:55,0.11,14,1,2026-02-16 08:07:20
6,Daily Butcher 6,Grocery Store,Dresden,Mitte,2023-04-12 10:32:10,0.25,12,1,2026-02-16 08:07:20
7,Daily Convenience Store 7,Wine Merchant,Düsseldorf,Prenzlauer Berg,2024-01-29 12:56:06,0.13,13,1,2026-02-16 08:07:20
8,Local Specialty Store 8,Butcher,Munich,Prenzlauer Berg,2024-08-04 13:48:55,0.14,12,1,2026-02-16 08:07:20
9,Quick Supermarket 9,Wine Merchant,Berlin,Schöneberg,2023-07-03 02:24:35,0.13,15,1,2026-02-16 08:07:20
10,Express Convenience Store 10,Specialty Store,Dortmund,Neukölln,2022-10-13 08:58:45,0.21,13,1,2026-02-16 08:07:20
11,Local Greengrocer 11,Wine Merchant,Düsseldorf,Charlottenburg,2022-10-11 18:33:04,0.17,6,1,2026-02-16 08:07:20
12,Prime Specialty Store 12,Greengrocer,Hamburg,Lichtenberg,2022-05-11 14:00:32,0.16,19,1,2026-02-16 08:07:20
13,Fresh Grocery Store 13,Bakery,Leipzig,Friedrichshain,2022-08-17 10:41:09,0.17,19,1,2026-02-16 08:07:20
14,Local Specialty Store 14,Grocery Store,Cologne,Neukölln,2024-11-05 22:10:18,0.13,16,1,2026-02-16 08:07:20
15,Local Supermarket 15,Wine Merchant,Leipzig,Tempelhof,2022-02-09 04:04:22,0.24,14,1,2026-02-16 08:07:20
16,Local Grocery Store 16,Grocery Store,Frankfurt,Tempelhof,2022-05-22 19:23:42,0.21,9,1,2026-02-16 08:07:20
17,Quick Bakery 17,Greengrocer,Leipzig,Charlottenburg,2023-02-16 11:20:57,0.16,16,1,2026-02-16 08:07:20
18,Express Grocery Store 18,Butcher,Leipzig,Charlottenburg,2022-05-12 12:18:33,0.1,12,1,2026-02-16 08:07:20
19,Fresh Supermarket 19,Butcher,Berlin,Kreuzberg,2022-03-06 12:01:49,0.11,12,1,2026-02-16 08:07:20
20,Quick Specialty Store 20,Convenience Store,Dortmund,Charlottenburg,2024-08-26 14:49:14,0.13,8,1,2026-02-16 08:07:20
21,Express Greengrocer 21,Convenience Store,Stuttgart,Mitte,2022-07-21 02:12:24,0.16,15,1,2026-02-16 08:07:20
22,Quick Butcher 22,Butcher,Munich,Pankow,2024-07-07 05:06:13,0.16,13,1,2026-02-16 08:07:20
23,Express Grocery Store 23,Supermarket,Munich,Pankow,2022-01-31 03:23:44,0.24,12,1,2026-02-16 08:07:20
24,Express Butcher 24,Greengrocer,Dortmund,Mitte,2022-12-04 13:47:52,0.1,17,1,2026-02-16 08:07:20
25,Daily Greengrocer 25,Convenience Store,Dortmund,Prenzlauer Berg,2023-01-24 10:48:10,0.13,6,1,2026-02-16 08:07:20
26,Fresh Wine Merchant 26,Supermarket,Leipzig,Mitte,2024-09-03 18:18:29,0.24,10,1,2026-02-16 08:07:20
27,Fresh Specialty Store 27,Grocery Store,Leipzig,Lichtenberg,2022-05-20 08:33:48,0.16,12,1,2026-02-16 08:07:20
28,Local Grocery Store 28,Greengrocer,Berlin,Lichtenberg,2024-12-06 11:31:07,0.24,11,1,2026-02-16 08:07:20
29,Quick Bakery 29,Greengrocer,Stuttgart,Prenzlauer Berg,2023-09-07 16:38:49,0.15,7,1,2026-02-16 08:07:20
30,Local Grocery Store 30,Grocery Store,Dresden,Pankow,2023-03-13 18:25:07,0.14,16,1,2026-02-16 08:07:20
31,Daily Bakery 31,Specialty Store,Frankfurt,Tempelhof,2023-09-12 22:16:13,0.25,5,1,2026-02-16 08:07:20
32,Daily Grocery Store 32,Specialty Store,Leipzig,Neukölln,2022-08-25 03:53:49,0.21,9,1,2026-02-16 08:07:20
33,Quick Wine Merchant 33,Butcher,Dresden,Neukölln,2024-11-01 17:47:12,0.14,6,1,2026-02-16 08:07:20
34,Daily Supermarket 34,Supermarket,Düsseldorf,Friedrichshain,2022-09-25 23:11:47,0.25,10,1,2026-02-16 08:07:20
35,Prime Greengrocer 35,Supermarket,Leipzig,Kreuzberg,2022-06-04 05:25:36,0.18,16,1,2026-02-16 08:07:20
36,Express Specialty Store 36,Supermarket,Hamburg,Neukölln,2024-01-17 01:27:09,0.23,11,1,2026-02-16 08:07:20
37,Daily Greengrocer 37,Specialty Store,Munich,Charlottenburg,2022-11-29 06:26:46,0.23,5,1,2026-02-16 08:07:20
38,Express Butcher 38,Bakery,Stuttgart,Prenzlauer Berg,2022-08-10 13:55:40,0.23,20,1,2026-02-16 08:07:20
39,Daily Bakery 39,Butcher,Dortmund,Charlottenburg,2022-02-18 07:01:53,0.16,13,1,2026-02-16 08:07:20
40,Daily Greengrocer 40,Wine Merchant,Cologne,Mitte,2022-08-25 09:30:37,0.13,13,1,2026-02-16 08:07:20
41,Express Wine Merchant 41,Wine Merchant,Dresden,Schöneberg,2024-11-13 04:12:37,0.16,11,1,2026-02-16 08:07:20
42,Fresh Butcher 42,Wine Merchant,Düsseldorf,Schöneberg,2022-05-24 12:01:19,0.19,8,1,2026-02-16 08:07:20
43,Local Bakery 43,Greengrocer,Cologne,Friedrichshain,2024-04-04 10:45:52,0.18,11,1,2026-02-16 08:07:20
44,Prime Specialty Store 44,Bakery,Düsseldorf,Schöneberg,2022-01-01 11:03:49,0.14,18,1,2026-02-16 08:07:20
45,Prime Wine Merchant 45,Convenience Store,Dresden,Tempelhof,2024-06-24 07:46:50,0.18,10,1,2026-02-16 08:07:20
46,Local Wine Merchant 46,Grocery Store,Cologne,Charlottenburg,2023-09-28 08:10:44,0.22,9,1,2026-02-16 08:07:20
47,Express Grocery Store 47,Convenience Store,Frankfurt,Schöneberg,2023-02-03 13:58:48,0.17,12,1,2026-02-16 08:07:20
48,Fresh Greengrocer 48,Butcher,Berlin,Prenzlauer Berg,2024-11-26 16:54:49,0.11,12,1,2026-02-16 08:07:20
49,Express Specialty Store 49,Convenience Store,Munich,Pankow,2023-10-12 16:06:48,0.19,18,1,2026-02-16 08:07:20
50,Express Specialty Store 50,Convenience Store,Leipzig,Tempelhof,2023-06-15 09:00:06,0.23,13,1,2026-02-16 08:07:20
51,Express Butcher 51,Bakery,Leipzig,Tempelhof,2022-06-08 10:24:10,0.14,15,1,2026-02-16 08:07:20
52,Fresh Specialty Store 52,Specialty Store,Leipzig,Charlottenburg,2024-02-24 05:33:48,0.21,7,1,2026-02-16 08:07:20
53,Local Convenience Store 53,Greengrocer,Stuttgart,Mitte,2023-02-28 15:17:49,0.16,5,1,2026-02-16 08:07:20
54,Express Convenience Store 54,Supermarket,Dresden,Friedrichshain,2023-09-04 14:11:56,0.23,18,1,2026-02-16 08:07:20
55,Local Butcher 55,Convenience Store,Leipzig,Charlottenburg,2023-07-13 15:52:05,0.17,17,1,2026-02-16 08:07:20
56,Prime Specialty Store 56,Convenience Store,Düsseldorf,Prenzlauer Berg,2024-12-29 00:58:54,0.24,5,1,2026-02-16 08:07:20
57,Quick Convenience Store 57,Specialty Store,Düsseldorf,Mitte,2023-06-17 13:48:09,0.15,19,1,2026-02-16 08:07:20
58,Daily Greengrocer 58,Bakery,Düsseldorf,Kreuzberg,2024-08-21 00:42:20,0.21,6,0,2026-02-16 08:07:20
59,Quick Grocery Store 59,Supermarket,Stuttgart,Mitte,2023-05-22 07:15:30,0.23,9,1,2026-02-16 08:07:20
60,Prime Grocery Store 60,Butcher,Dortmund,Tempelhof,2023-06-09 13:25:51,0.13,8,1,2026-02-16 08:07:20
61,Daily Grocery Store 61,Supermarket,Hamburg,Neukölln,2024-02-08 14:26:30,0.24,11,1,2026-02-16 08:07:20
62,Fresh Bakery 62,Grocery Store,Frankfurt,Lichtenberg,2022-03-26 12:38:28,0.18,16,1,2026-02-16 08:07:20
63,Fresh Greengrocer 63,Convenience Store,Stuttgart,Kreuzberg,2024-06-06 13:11:12,0.2,19,1,2026-02-16 08:07:20
64,Quick Bakery 64,Convenience Store,Düsseldorf,Tempelhof,2024-06-11 21:34:16,0.14,12,1,2026-02-16 08:07:20
65,Daily Convenience Store 65,Butcher,Munich,Tempelhof,2024-02-16 12:14:52,0.1,15,1,2026-02-16 08:07:20
66,Daily Bakery 66,Wine Merchant,Frankfurt,Neukölln,2023-07-20 20:14:08,0.1,11,1,2026-02-16 08:07:20
67,Express Butcher 67,Convenience Store,Düsseldorf,Tempelhof,2024-07-06 00:37:40,0.11,12,1,2026-02-16 08:07:20
68,Daily Wine Merchant 68,Convenience Store,Frankfurt,Pankow,2024-12-23 12:30:56,0.16,15,1,2026-02-16 08:07:20
69,Daily Bakery 69,Bakery,Dortmund,Charlottenburg,2022-09-05 07:00:42,0.15,10,1,2026-02-16 08:07:20
70,Daily Bakery 70,Grocery Store,Dortmund,Charlottenburg,2023-08-30 08:16:56,0.15,14,1,2026-02-16 08:07:20
71,Quick Bakery 71,Supermarket,Leipzig,Mitte,2023-08-22 04:35:51,0.2,20,1,2026-02-16 08:07:20
72,Local Bakery 72,Convenience Store,Berlin,Tempelhof,2024-06-21 12:24:17,0.13,6,1,2026-02-16 08:07:20
73,Fresh Grocery Store 73,Greengrocer,Dortmund,Tempelhof,2022-06-01 21:00:31,0.19,6,1,2026-02-16 08:07:20
74,Daily Grocery Store 74,Butcher,Dresden,Kreuzberg,2024-05-02 22:04:31,0.19,12,1,2026-02-16 08:07:20
75,Express Convenience Store 75,Bakery,Düsseldorf,Lichtenberg,2024-05-28 11:07:06,0.19,6,1,2026-02-16 08:07:20
76,Quick Butcher 76,Bakery,Munich,Kreuzberg,2022-11-18 08:43:59,0.13,7,1,2026-02-16 08:07:20
77,Express Convenience Store 77,Bakery,Düsseldorf,Mitte,2023-04-20 10:29:22,0.21,19,1,2026-02-16 08:07:20
78,Daily Butcher 78,Greengrocer,Frankfurt,Kreuzberg,2023-04-06 23:34:46,0.12,13,1,2026-02-16 08:07:20
79,Fresh Specialty Store 79,Bakery,Munich,Lichtenberg,2023-08-15 15:59:20,0.12,14,1,2026-02-16 08:07:20
80,Local Convenience Store 80,Convenience Store,Cologne,Kreuzberg,2022-03-23 15:43:46,0.21,13,1,2026-02-16 08:07:20
81,Prime Supermarket 81,Bakery,Frankfurt,Lichtenberg,2022-03-24 06:22:42,0.17,19,1,2026-02-16 08:07:20
82,Local Greengrocer 82,Convenience Store,Hamburg,Kreuzberg,2024-08-20 12:40:07,0.16,15,1,2026-02-16 08:07:20
83,Daily Greengrocer 83,Convenience Store,Hamburg,Neukölln,2024-03-31 20:01:42,0.11,7,1,2026-02-16 08:07:20
84,Fresh Greengrocer 84,Supermarket,Stuttgart,Pankow,2024-08-04 15:02:45,0.11,16,1,2026-02-16 08:07:20
85,Prime Convenience Store 85,Supermarket,Dortmund,Charlottenburg,2023-07-01 19:59:47,0.12,14,1,2026-02-16 08:07:20
86,Fresh Supermarket 86,Butcher,Dortmund,Prenzlauer Berg,2023-09-29 20:03:19,0.1,18,1,2026-02-16 08:07:20
87,Express Grocery Store 87,Specialty Store,Munich,Tempelhof,2023-08-21 18:31:38,0.21,18,1,2026-02-16 08:07:20
88,Quick Convenience Store 88,Specialty Store,Dortmund,Schöneberg,2023-01-26 21:49:21,0.18,9,1,2026-02-16 08:07:20
89,Express Wine Merchant 89,Bakery,Cologne,Mitte,2023-08-03 10:52:12,0.23,20,1,2026-02-16 08:07:20
90,Local Convenience Store 90,Wine Merchant,Dortmund,Friedrichshain,2024-02-12 16:34:42,0.24,11,0,2026-02-16 08:07:20
91,Local Greengrocer 91,Butcher,Frankfurt,Schöneberg,2022-03-31 11:35:04,0.21,17,1,2026-02-16 08:07:20
92,Express Supermarket 92,Specialty Store,Hamburg,Pankow,2023-11-11 03:39:14,0.23,19,1,2026-02-16 08:07:20
93,Fresh Specialty Store 93,Greengrocer,Dortmund,Prenzlauer Berg,2022-06-03 17:05:37,0.22,13,1,2026-02-16 08:07:20
94,Prime Grocery Store 94,Wine Merchant,Düsseldorf,Pankow,2024-02-18 11:31:45,0.19,20,1,2026-02-16 08:07:20
95,Local Grocery Store 95,Butcher,Berlin,Neukölln,2023-04-11 03:17:26,0.17,8,1,2026-02-16 08:07:20
96,Express Specialty Store 96,Bakery,Munich,Mitte,2022-04-05 11:48:36,0.22,14,1,2026-02-16 08:07:20
97,Quick Butcher 97,Greengrocer,Düsseldorf,Lichtenberg,2023-01-04 06:11:20,0.13,17,1,2026-02-16 08:07:20
98,Express Specialty Store 98,Butcher,Frankfurt,Tempelhof,2023-06-05 16:43:56,0.14,5,1,2026-02-16 08:07:20
99,Daily Specialty Store 99,Grocery Store,Dortmund,Tempelhof,2023-12-09 21:23:34,0.14,18,1,2026-02-16 08:07:20
100,Daily Butcher 100,Greengrocer,Dortmund,Tempelhof,2022-08-07 08:38:11,0.16,16,1,2026-02-16 08:07:20
101,Fresh Greengrocer 101,Bakery,Cologne,Mitte,2022-04-11 22:04:42,0.21,14,1,2026-02-16 08:07:20
102,Local Wine Merchant 102,Butcher,Frankfurt,Charlottenburg,2023-05-30 00:00:00,0.2,9,1,2026-02-16 08:07:20
103,Daily Convenience Store 103,Supermarket,Berlin,Lichtenberg,2024-01-18 04:47:04,0.11,14,1,2026-02-16 08:07:20
104,Quick Butcher 104,Specialty Store,Düsseldorf,Pankow,2024-01-20 19:19:39,0.18,13,1,2026-02-16 08:07:20
105,Express Bakery 105,Wine Merchant,Cologne,Kreuzberg,2024-08-17 02:44:29,0.12,12,1,2026-02-16 08:07:20
106,Local Wine Merchant 106,Grocery Store,Düsseldorf,Schöneberg,2022-01-29 09:37:43,0.18,19,1,2026-02-16 08:07:20
107,Local Greengrocer 107,Wine Merchant,Cologne,Kreuzberg,2023-04-24 17:09:57,0.1,15,1,2026-02-16 08:07:20
108,Prime Grocery Store 108,Convenience Store,Frankfurt,Neukölln,2024-04-16 04:14:52,0.12,6,1,2026-02-16 08:07:20
109,Fresh Grocery Store 109,Butcher,Dortmund,Pankow,2022-10-05 14:09:00,0.17,18,1,2026-02-16 08:07:20
110,Express Grocery Store 110,Convenience Store,Hamburg,Lichtenberg,2024-04-15 10:11:06,0.1,16,1,2026-02-16 08:07:20
111,Quick Wine Merchant 111,Grocery Store,Dortmund,Friedrichshain,2024-01-05 02:12:16,0.16,11,0,2026-02-16 08:07:20
112,Fresh Butcher 112,Supermarket,Dortmund,Mitte,2023-11-15 08:52:05,0.25,11,1,2026-02-16 08:07:20
113,Quick Butcher 113,Butcher,Leipzig,Friedrichshain,2022-10-30 21:41:56,0.1,9,0,2026-02-16 08:07:20
114,Daily Specialty Store 114,Grocery Store,Leipzig,Mitte,2022-09-27 00:32:27,0.15,12,1,2026-02-16 08:07:20
115,Quick Bakery 115,Supermarket,Berlin,Prenzlauer Berg,2024-05-12 19:09:15,0.12,7,1,2026-02-16 08:07:20
116,Local Grocery Store 116,Convenience Store,Stuttgart,Pankow,2023-03-30 22:23:43,0.11,14,1,2026-02-16 08:07:20
117,Fresh Convenience Store 117,Greengrocer,Berlin,Schöneberg,2022-08-10 17:51:00,0.21,19,1,2026-02-16 08:07:20
118,Daily Specialty Store 118,Grocery Store,Munich,Prenzlauer Berg,2023-07-18 22:43:50,0.19,15,1,2026-02-16 08:07:20
119,Local Bakery 119,Convenience Store,Dresden,Pankow,2024-05-31 03:36:39,0.22,8,1,2026-02-16 08:07:20
120,Prime Butcher 120,Greengrocer,Leipzig,Tempelhof,2023-04-13 15:03:59,0.15,19,1,2026-02-16 08:07:20
121,Daily Greengrocer 121,Wine Merchant,Munich,Neukölln,2024-02-06 05:33:26,0.2,20,1,2026-02-16 08:07:20
122,Fresh Greengrocer 122,Grocery Store,Munich,Friedrichshain,2022-09-24 20:15:24,0.11,15,1,2026-02-16 08:07:20
123,Daily Greengrocer 123,Supermarket,Düsseldorf,Neukölln,2023-10-02 12:48:10,0.12,11,1,2026-02-16 08:07:20
124,Quick Grocery Store 124,Wine Merchant,Dortmund,Pankow,2024-01-23 04:10:58,0.21,12,1,2026-02-16 08:07:20
125,Local Supermarket 125,Bakery,Leipzig,Mitte,2023-01-05 09:56:58,0.21,14,0,2026-02-16 08:07:20
126,Fresh Specialty Store 126,Specialty Store,Stuttgart,Lichtenberg,2024-03-31 02:32:00,0.12,5,1,2026-02-16 08:07:20
127,Quick Greengrocer 127,Greengrocer,Leipzig,Tempelhof,2023-11-30 05:43:51,0.16,15,1,2026-02-16 08:07:20
128,Local Grocery Store 128,Supermarket,Dresden,Prenzlauer Berg,2022-11-19 22:29:41,0.11,7,1,2026-02-16 08:07:20
129,Express Convenience Store 129,Greengrocer,Düsseldorf,Neukölln,2023-03-18 18:39:14,0.12,18,1,2026-02-16 08:07:20
130,Express Bakery 130,Supermarket,Dresden,Charlottenburg,2024-03-20 21:49:14,0.11,11,1,2026-02-16 08:07:20
131,Quick Bakery 131,Bakery,Frankfurt,Friedrichshain,2022-09-03 00:16:53,0.17,18,1,2026-02-16 08:07:20
132,Local Butcher 132,Wine Merchant,Düsseldorf,Kreuzberg,2024-03-24 01:32:24,0.17,19,0,2026-02-16 08:07:20
133,Local Greengrocer 133,Greengrocer,Stuttgart,Schöneberg,2023-08-16 04:11:36,0.16,15,1,2026-02-16 08:07:20
134,Express Wine Merchant 134,Grocery Store,Dresden,Schöneberg,2022-08-05 08:51:31,0.17,17,1,2026-02-16 08:07:20
135,Daily Wine Merchant 135,Butcher,Düsseldorf,Friedrichshain,2022-12-11 02:46:51,0.18,8,1,2026-02-16 08:07:20
136,Daily Wine Merchant 136,Specialty Store,Frankfurt,Charlottenburg,2022-07-30 05:19:54,0.14,10,1,2026-02-16 08:07:20
137,Quick Convenience Store 137,Convenience Store,Munich,Lichtenberg,2024-07-08 20:33:09,0.2,15,1,2026-02-16 08:07:20
138,Quick Convenience Store 138,Grocery Store,Stuttgart,Tempelhof,2024-06-24 22:59:16,0.15,13,1,2026-02-16 08:07:20
139,Local Grocery Store 139,Bakery,Stuttgart,Tempelhof,2024-07-14 01:22:09,0.11,14,1,2026-02-16 08:07:20
140,Local Greengrocer 140,Convenience Store,Munich,Lichtenberg,2022-03-26 16:22:27,0.24,11,1,2026-02-16 08:07:20
141,Local Specialty Store 141,Supermarket,Dortmund,Tempelhof,2022-07-31 12:30:15,0.25,7,1,2026-02-16 08:07:20
142,Fresh Butcher 142,Convenience Store,Hamburg,Tempelhof,2024-12-09 19:01:57,0.19,16,1,2026-02-16 08:07:20
143,Express Greengrocer 143,Wine Merchant,Cologne,Lichtenberg,2022-04-18 22:58:11,0.2,7,1,2026-02-16 08:07:20
144,Prime Greengrocer 144,Bakery,Leipzig,Neukölln,2022-11-04 12:08:14,0.11,9,1,2026-02-16 08:07:20
145,Prime Greengrocer 145,Specialty Store,Cologne,Lichtenberg,2022-06-23 11:16:17,0.18,15,1,2026-02-16 08:07:20
146,Fresh Greengrocer 146,Wine Merchant,Leipzig,Mitte,2024-01-13 11:14:43,0.13,11,1,2026-02-16 08:07:20
147,Quick Butcher 147,Specialty Store,Dortmund,Prenzlauer Berg,2022-06-08 10:46:10,0.23,8,1,2026-02-16 08:07:20
148,Prime Supermarket 148,Wine Merchant,Leipzig,Lichtenberg,2022-09-26 21:44:42,0.16,10,1,2026-02-16 08:07:20
149,Quick Convenience Store 149,Supermarket,Dresden,Schöneberg,2024-01-17 08:38:53,0.25,14,1,2026-02-16 08:07:20
150,Quick Butcher 150,Bakery,Dortmund,Tempelhof,2023-02-02 13:23:33,0.2,19,1,2026-02-16 08:07:20
