product_id,product_name,category,subcategory,base_price,unit,created_at
1,Tomatoes Premium,Fresh Produce,Tomatoes,23.56,bottle,2026-02-16 08:07:20
2,Tomatoes Organic,Fresh Produce,Tomatoes,16.29,kg,2026-02-16 08:07:20
3,Tomatoes Regular,Fresh Produce,Tomatoes,24.68,bottle,2026-02-16 08:07:20
4,Tomatoes Value,Fresh Produce,Tomatoes,5.0,liter,2026-02-16 08:07:20
5,Lettuce Premium,Fresh Produce,Lettuce,19.58,liter,2026-02-16 08:07:20
6,Lettuce Organic,Fresh Produce,Lettuce,17.07,piece,2026-02-16 08:07:20
7,Carrots Premium,Fresh Produce,Carrots,9.26,kg,2026-02-16 08:07:20
8,Carrots Organic,Fresh Produce,Carrots,8.9,bottle,2026-02-16 08:07:20
9,Apples Premium,Fresh Produce,Apples,25.09,piece,2026-02-16 08:07:20
10,Apples Organic,Fresh Produce,Apples,28.44,kg,2026-02-16 08:07:20
11,Apples Regular,Fresh Produce,Apples,24.67,liter,2026-02-16 08:07:20
12,Bananas Premium,Fresh Produce,Bananas,13.02,pack,2026-02-16 08:07:20
13,Bananas Organic,Fresh Produce,Bananas,15.55,kg,2026-02-16 08:07:20
14,Oranges Premium,Fresh Produce,Oranges,29.83,liter,2026-02-16 08:07:20
15,Oranges Organic,Fresh Produce,Oranges,7.5,liter,2026-02-16 08:07:20
16,Oranges Regular,Fresh Produce,Oranges,27.98,liter,2026-02-16 08:07:20
17,Oranges Value,Fresh Produce,Oranges,23.94,kg,2026-02-16 08:07:20
18,Oranges Fresh,Fresh Produce,Oranges,2.1,pack,2026-02-16 08:07:20
19,Potatoes Premium,Fresh Produce,Potatoes,23.0,pack,2026-02-16 08:07:20
20,Potatoes Organic,Fresh Produce,Potatoes,14.0,piece,2026-02-16 08:07:20
21,Potatoes Regular,Fresh Produce,Potatoes,27.26,piece,2026-02-16 08:07:20
22,Onions Premium,Fresh Produce,Onions,7.24,kg,2026-02-16 08:07:20
23,Onions Organic,Fresh Produce,Onions,16.91,bottle,2026-02-16 08:07:20
24,Onions Regular,Fresh Produce,Onions,16.3,piece,2026-02-16 08:07:20
25,Onions Value,Fresh Produce,Onions,23.5,kg,2026-02-16 08:07:20
26,Milk Premium,Dairy,Milk,4.52,kg,2026-02-16 08:07:20
27,Milk Organic,Dairy,Milk,13.16,bottle,2026-02-16 08:07:20
28,Milk Regular,Dairy,Milk,14.25,piece,2026-02-16 08:07:20
29,Milk Value,Dairy,Milk,25.25,pack,2026-02-16 08:07:20
30,Cheese Premium,Dairy,Cheese,19.32,bottle,2026-02-16 08:07:20
31,Cheese Organic,Dairy,Cheese,8.01,kg,2026-02-16 08:07:20
32,Yogurt Premium,Dairy,Yogurt,13.44,bottle,2026-02-16 08:07:20
33,Yogurt Organic,Dairy,Yogurt,11.22,bottle,2026-02-16 08:07:20
34,Yogurt Regular,Dairy,Yogurt,13.07,piece,2026-02-16 08:07:20
35,Yogurt Value,Dairy,Yogurt,16.17,liter,2026-02-16 08:07:20
36,Butter Premium,Dairy,Butter,28.64,bottle,2026-02-16 08:07:20
37,Butter Organic,Dairy,Butter,15.7,bottle,2026-02-16 08:07:20
38,Cream Premium,Dairy,Cream,12.31,pack,2026-02-16 08:07:20
39,Cream Organic,Dairy,Cream,2.25,pack,2026-02-16 08:07:20
40,Eggs Premium,Dairy,Eggs,8.35,piece,2026-02-16 08:07:20
41,Eggs Organic,Dairy,Eggs,11.35,piece,2026-02-16 08:07:20
42,Eggs Regular,Dairy,Eggs,10.99,piece,2026-02-16 08:07:20
43,Eggs Value,Dairy,Eggs,23.36,liter,2026-02-16 08:07:20
44,Chicken Breast Premium,Meat & Fish,Chicken Breast,2.28,bottle,2026-02-16 08:07:20
45,Chicken Breast Organic,Meat & Fish,Chicken Breast,10.81,kg,2026-02-16 08:07:20
46,Chicken Breast Regular,Meat & Fish,Chicken Breast,25.07,pack,2026-02-16 08:07:20
47,Ground Beef Premium,Meat & Fish,Ground Beef,19.31,kg,2026-02-16 08:07:20
48,Ground Beef Organic,Meat & Fish,Ground Beef,2.82,pack,2026-02-16 08:07:20
49,Ground Beef Regular,Meat & Fish,Ground Beef,2.06,kg,2026-02-16 08:07:20
50,Ground Beef Value,Meat & Fish,Ground Beef,2.26,kg,2026-02-16 08:07:20
51,Ground Beef Fresh,Meat & Fish,Ground Beef,26.68,liter,2026-02-16 08:07:20
52,Salmon Premium,Meat & Fish,Salmon,15.94,bottle,2026-02-16 08:07:20
53,Salmon Organic,Meat & Fish,Salmon,14.72,piece,2026-02-16 08:07:20
54,Salmon Regular,Meat & Fish,Salmon,22.84,kg,2026-02-16 08:07:20
55,Salmon Value,Meat & Fish,Salmon,9.29,piece,2026-02-16 08:07:20
56,Pork Chops Premium,Meat & Fish,Pork Chops,8.91,liter,2026-02-16 08:07:20
57,Pork Chops Organic,Meat & Fish,Pork Chops,13.66,pack,2026-02-16 08:07:20
58,Pork Chops Regular,Meat & Fish,Pork Chops,22.55,pack,2026-02-16 08:07:20
59,Pork Chops Value,Meat & Fish,Pork Chops,10.82,kg,2026-02-16 08:07:20
60,Turkey Premium,Meat & Fish,Turkey,21.06,liter,2026-02-16 08:07:20
61,Turkey Organic,Meat & Fish,Turkey,27.8,bottle,2026-02-16 08:07:20
62,Turkey Regular,Meat & Fish,Turkey,8.72,piece,2026-02-16 08:07:20
63,Turkey Value,Meat & Fish,Turkey,22.08,piece,2026-02-16 08:07:20
64,Turkey Fresh,Meat & Fish,Turkey,13.48,kg,2026-02-16 08:07:20
65,Shrimp Premium,Meat & Fish,Shrimp,10.31,piece,2026-02-16 08:07:20
66,Shrimp Organic,Meat & Fish,Shrimp,10.5,liter,2026-02-16 08:07:20
67,Shrimp Regular,Meat & Fish,Shrimp,9.88,bottle,2026-02-16 08:07:20
68,Shrimp Value,Meat & Fish,Shrimp,21.8,kg,2026-02-16 08:07:20
69,Bread Premium,Bakery,Bread,11.18,piece,2026-02-16 08:07:20
70,Bread Organic,Bakery,Bread,22.07,liter,2026-02-16 08:07:20
71,Bread Regular,Bakery,Bread,18.82,pack,2026-02-16 08:07:20
72,Bread Value,Bakery,Bread,8.95,piece,2026-02-16 08:07:20
73,Bread Fresh,Bakery,Bread,3.17,pack,2026-02-16 08:07:20
74,Croissants Premium,Bakery,Croissants,15.87,kg,2026-02-16 08:07:20
75,Croissants Organic,Bakery,Croissants,28.62,kg,2026-02-16 08:07:20
76,Croissants Regular,Bakery,Croissants,25.6,pack,2026-02-16 08:07:20
77,Croissants Value,Bakery,Croissants,2.0,piece,2026-02-16 08:07:20
78,Baguette Premium,Bakery,Baguette,23.57,liter,2026-02-16 08:07:20
79,Baguette Organic,Bakery,Baguette,11.49,bottle,2026-02-16 08:07:20
80,Baguette Regular,Bakery,Baguette,1.93,kg,2026-02-16 08:07:20
81,Rolls Premium,Bakery,Rolls,28.51,liter,2026-02-16 08:07:20
82,Rolls Organic,Bakery,Rolls,13.86,piece,2026-02-16 08:07:20
83,Rolls Regular,Bakery,Rolls,17.63,bottle,2026-02-16 08:07:20
84,Rolls Value,Bakery,Rolls,11.63,liter,2026-02-16 08:07:20
85,Rolls Fresh,Bakery,Rolls,19.83,kg,2026-02-16 08:07:20
86,Cake Premium,Bakery,Cake,1.74,kg,2026-02-16 08:07:20
87,Cake Organic,Bakery,Cake,15.46,pack,2026-02-16 08:07:20
88,Cookies Premium,Bakery,Cookies,8.58,liter,2026-02-16 08:07:20
89,Cookies Organic,Bakery,Cookies,21.41,kg,2026-02-16 08:07:20
90,Water Premium,Beverages,Water,21.12,pack,2026-02-16 08:07:20
91,Water Organic,Beverages,Water,6.8,kg,2026-02-16 08:07:20
92,Water Regular,Beverages,Water,25.72,pack,2026-02-16 08:07:20
93,Water Value,Beverages,Water,6.0,pack,2026-02-16 08:07:20
94,Juice Premium,Beverages,Juice,24.49,liter,2026-02-16 08:07:20
95,Juice Organic,Beverages,Juice,20.36,piece,2026-02-16 08:07:20
96,Soda Premium,Beverages,Soda,26.84,kg,2026-02-16 08:07:20
97,Soda Organic,Beverages,Soda,21.63,kg,2026-02-16 08:07:20
98,Soda Regular,Beverages,Soda,24.01,bottle,2026-02-16 08:07:20
99,Soda Value,Beverages,Soda,7.49,kg,2026-02-16 08:07:20
100,Beer Premium,Beverages,Beer,7.86,pack,2026-02-16 08:07:20
101,Beer Organic,Beverages,Beer,1.75,bottle,2026-02-16 08:07:20
102,Beer Regular,Beverages,Beer,17.59,pack,2026-02-16 08:07:20
103,Wine Premium,Beverages,Wine,18.74,piece,2026-02-16 08:07:20
104,Wine Organic,Beverages,Wine,2.9,pack,2026-02-16 08:07:20
105,Wine Regular,Beverages,Wine,29.98,pack,2026-02-16 08:07:20
106,Coffee Premium,Beverages,Coffee,23.3,bottle,2026-02-16 08:07:20
107,Coffee Organic,Beverages,Coffee,3.13,liter,2026-02-16 08:07:20
108,Coffee Regular,Beverages,Coffee,19.62,pack,2026-02-16 08:07:20
109,Coffee Value,Beverages,Coffee,14.5,bottle,2026-02-16 08:07:20
110,Coffee Fresh,Beverages,Coffee,10.98,bottle,2026-02-16 08:07:20
111,Tea Premium,Beverages,Tea,23.26,kg,2026-02-16 08:07:20
112,Tea Organic,Beverages,Tea,13.54,piece,2026-02-16 08:07:20
113,Tea Regular,Beverages,Tea,25.1,bottle,2026-02-16 08:07:20
114,Pasta Premium,Pantry,Pasta,9.81,kg,2026-02-16 08:07:20
115,Pasta Organic,Pantry,Pasta,10.35,kg,2026-02-16 08:07:20
116,Pasta Regular,Pantry,Pasta,11.02,bottle,2026-02-16 08:07:20
117,Rice Premium,Pantry,Rice,25.52,liter,2026-02-16 08:07:20
118,Rice Organic,Pantry,Rice,6.68,bottle,2026-02-16 08:07:20
119,Rice Regular,Pantry,Rice,8.95,liter,2026-02-16 08:07:20
120,Rice Value,Pantry,Rice,18.81,piece,2026-02-16 08:07:20
121,Canned Tomatoes Premium,Pantry,Canned Tomatoes,18.15,bottle,2026-02-16 08:07:20
122,Canned Tomatoes Organic,Pantry,Canned Tomatoes,5.46,bottle,2026-02-16 08:07:20
123,Canned Tomatoes Regular,Pantry,Canned Tomatoes,21.89,bottle,2026-02-16 08:07:20
124,Olive Oil Premium,Pantry,Olive Oil,25.42,bottle,2026-02-16 08:07:20
125,Olive Oil Organic,Pantry,Olive Oil,2.18,piece,2026-02-16 08:07:20
126,Olive Oil Regular,Pantry,Olive Oil,3.35,bottle,2026-02-16 08:07:20
127,Olive Oil Value,Pantry,Olive Oil,8.67,kg,2026-02-16 08:07:20
128,Flour Premium,Pantry,Flour,18.92,piece,2026-02-16 08:07:20
129,Flour Organic,Pantry,Flour,15.43,bottle,2026-02-16 08:07:20
130,Flour Regular,Pantry,Flour,9.39,liter,2026-02-16 08:07:20
131,Flour Value,Pantry,Flour,15.0,pack,2026-02-16 08:07:20
132,Flour Fresh,Pantry,Flour,9.62,piece,2026-02-16 08:07:20
133,Sugar Premium,Pantry,Sugar,5.57,pack,2026-02-16 08:07:20
134,Sugar Organic,Pantry,Sugar,15.03,kg,2026-02-16 08:07:20
135,Salt Premium,Pantry,Salt,18.58,liter,2026-02-16 08:07:20
136,Salt Organic,Pantry,Salt,25.97,liter,2026-02-16 08:07:20
137,Salt Regular,Pantry,Salt,22.28,liter,2026-02-16 08:07:20
138,Salt Value,Pantry,Salt,29.28,kg,2026-02-16 08:07:20
139,Chips Premium,Snacks,Chips,15.92,piece,2026-02-16 08:07:20
140,Chips Organic,Snacks,Chips,10.24,pack,2026-02-16 08:07:20
141,Chips Regular,Snacks,Chips,4.54,pack,2026-02-16 08:07:20
142,Chips Value,Snacks,Chips,8.18,piece,2026-02-16 08:07:20
143,Chocolate Premium,Snacks,Chocolate,9.41,pack,2026-02-16 08:07:20
144,Chocolate Organic,Snacks,Chocolate,26.05,pack,2026-02-16 08:07:20
145,Nuts Premium,Snacks,Nuts,28.91,kg,2026-02-16 08:07:20
146,Nuts Organic,Snacks,Nuts,24.58,bottle,2026-02-16 08:07:20
147,Nuts Regular,Snacks,Nuts,21.9,kg,2026-02-16 08:07:20
148,Crackers Premium,Snacks,Crackers,15.44,bottle,2026-02-16 08:07:20
149,Crackers Organic,Snacks,Crackers,14.53,liter,2026-02-16 08:07:20
150,Crackers Regular,Snacks,Crackers,15.41,piece,2026-02-16 08:07:20
151,Candy Premium,Snacks,Candy,15.65,kg,2026-02-16 08:07:20
152,Candy Organic,Snacks,Candy,7.23,liter,2026-02-16 08:07:20
153,Candy Regular,Snacks,Candy,2.4,liter,2026-02-16 08:07:20
154,Candy Value,Snacks,Candy,15.34,pack,2026-02-16 08:07:20
155,Candy Fresh,Snacks,Candy,9.28,piece,2026-02-16 08:07:20
156,Popcorn Premium,Snacks,Popcorn,13.49,liter,2026-02-16 08:07:20
157,Popcorn Organic,Snacks,Popcorn,22.09,pack,2026-02-16 08:07:20
158,Toilet Paper Premium,Household,Toilet Paper,2.3,piece,2026-02-16 08:07:20
159,Toilet Paper Organic,Household,Toilet Paper,17.53,kg,2026-02-16 08:07:20
160,Toilet Paper Regular,Household,Toilet Paper,11.5,liter,2026-02-16 08:07:20
161,Toilet Paper Value,Household,Toilet Paper,3.12,bottle,2026-02-16 08:07:20
162,Paper Towels Premium,Household,Paper Towels,23.16,liter,2026-02-16 08:07:20
163,Paper Towels Organic,Household,Paper Towels,24.92,bottle,2026-02-16 08:07:20
164,Paper Towels Regular,Household,Paper Towels,20.72,piece,2026-02-16 08:07:20
165,Paper Towels Value,Household,Paper Towels,4.72,piece,2026-02-16 08:07:20
166,Paper Towels Fresh,Household,Paper Towels,12.41,liter,2026-02-16 08:07:20
167,Dish Soap Premium,Household,Dish Soap,22.88,kg,2026-02-16 08:07:20
168,Dish Soap Organic,Household,Dish Soap,18.46,pack,2026-02-16 08:07:20
169,Dish Soap Regular,Household,Dish Soap,15.49,piece,2026-02-16 08:07:20
170,Dish Soap Value,Household,Dish Soap,2.12,liter,2026-02-16 08:07:20
171,Laundry Detergent Premium,Household,Laundry Detergent,16.05,kg,2026-02-16 08:07:20
172,Laundry Detergent Organic,Household,Laundry Detergent,18.57,bottle,2026-02-16 08:07:20
173,Laundry Detergent Regular,Household,Laundry Detergent,5.04,bottle,2026-02-16 08:07:20
174,Laundry Detergent Value,Household,Laundry Detergent,10.23,pack,2026-02-16 08:07:20
175,Laundry Detergent Fresh,Household,Laundry Detergent,29.72,liter,2026-02-16 08:07:20
176,Trash Bags Premium,Household,Trash Bags,15.7,bottle,2026-02-16 08:07:20
177,Trash Bags Organic,Household,Trash Bags,16.43,bottle,2026-02-16 08:07:20
178,Trash Bags Regular,Household,Trash Bags,9.68,piece,2026-02-16 08:07:20
179,Trash Bags Value,Household,Trash Bags,11.67,piece,2026-02-16 08:07:20
